panel,factor,iteration,dependency_id,operation,metric,value,unit
c,0.0,3,6,Comm_F_4_1_2,communication_duration,396.358,us
c,0.0,3,6,Comm_F_4_1_2,configured_transfer_delay,0.0,us
c,0.0,4,6,Comm_F_4_1_2,communication_duration,391.19,us
c,0.0,4,6,Comm_F_4_1_2,configured_transfer_delay,0.0,us
c,0.0,5,6,Comm_F_4_1_2,communication_duration,401.086,us
c,0.0,5,6,Comm_F_4_1_2,configured_transfer_delay,0.0,us
c,0.0,6,6,Comm_F_4_1_2,communication_duration,407.941,us
c,0.0,6,6,Comm_F_4_1_2,configured_transfer_delay,0.0,us
c,0.0,7,6,Comm_F_4_1_2,communication_duration,415.515,us
c,0.0,7,6,Comm_F_4_1_2,configured_transfer_delay,0.0,us
c,0.0,8,6,Comm_F_4_1_2,communication_duration,399.278,us
c,0.0,8,6,Comm_F_4_1_2,configured_transfer_delay,0.0,us
c,0.0,9,6,Comm_F_4_1_2,communication_duration,366.426,us
c,0.0,9,6,Comm_F_4_1_2,configured_transfer_delay,0.0,us
c,0.0,10,6,Comm_F_4_1_2,communication_duration,378.461,us
c,0.0,10,6,Comm_F_4_1_2,configured_transfer_delay,0.0,us
c,0.5,3,6,Comm_F_4_1_2,communication_duration,551.429,us
c,0.5,3,6,Comm_F_4_1_2,configured_transfer_delay,3449.7897140681744,us
c,0.5,4,6,Comm_F_4_1_2,communication_duration,416.997,us
c,0.5,4,6,Comm_F_4_1_2,configured_transfer_delay,3449.7897140681744,us
c,0.5,5,6,Comm_F_4_1_2,communication_duration,464.783,us
c,0.5,5,6,Comm_F_4_1_2,configured_transfer_delay,3449.7897140681744,us
c,0.5,6,6,Comm_F_4_1_2,communication_duration,425.201,us
c,0.5,6,6,Comm_F_4_1_2,configured_transfer_delay,3449.7897140681744,us
c,0.5,7,6,Comm_F_4_1_2,communication_duration,475.394,us
c,0.5,7,6,Comm_F_4_1_2,configured_transfer_delay,3449.7897140681744,us
c,0.5,8,6,Comm_F_4_1_2,communication_duration,501.012,us
c,0.5,8,6,Comm_F_4_1_2,configured_transfer_delay,3449.7897140681744,us
c,0.5,9,6,Comm_F_4_1_2,communication_duration,389.172,us
c,0.5,9,6,Comm_F_4_1_2,configured_transfer_delay,3449.7897140681744,us
c,0.5,10,6,Comm_F_4_1_2,communication_duration,406.751,us
c,0.5,10,6,Comm_F_4_1_2,configured_transfer_delay,3449.7897140681744,us
c,1.0,11,6,Comm_F_4_1_2,communication_duration,508.878,us
c,1.0,11,6,Comm_F_4_1_2,configured_transfer_delay,6899.579428136349,us
c,1.0,12,6,Comm_F_4_1_2,communication_duration,405.94,us
c,1.0,12,6,Comm_F_4_1_2,configured_transfer_delay,6899.579428136349,us
c,1.0,13,6,Comm_F_4_1_2,communication_duration,418.89,us
c,1.0,13,6,Comm_F_4_1_2,configured_transfer_delay,6899.579428136349,us
c,1.0,14,6,Comm_F_4_1_2,communication_duration,492.351,us
c,1.0,14,6,Comm_F_4_1_2,configured_transfer_delay,6899.579428136349,us
c,1.0,15,6,Comm_F_4_1_2,communication_duration,492.312,us
c,1.0,15,6,Comm_F_4_1_2,configured_transfer_delay,6899.579428136349,us
c,1.0,16,6,Comm_F_4_1_2,communication_duration,484.62,us
c,1.0,16,6,Comm_F_4_1_2,configured_transfer_delay,6899.579428136349,us
c,1.0,17,6,Comm_F_4_1_2,communication_duration,397.452,us
c,1.0,17,6,Comm_F_4_1_2,configured_transfer_delay,6899.579428136349,us
c,1.0,18,6,Comm_F_4_1_2,communication_duration,414.428,us
c,1.0,18,6,Comm_F_4_1_2,configured_transfer_delay,6899.579428136349,us
b,0.0,3,6,Comm_F_4_1_2 -> Comm_B_0_3_2,signal_dispatch,411.615,us
b,0.0,3,6,Comm_F_4_1_2 -> Comm_B_0_3_2,signal_transit,265.673,us
b,0.0,3,6,Comm_F_4_1_2 -> Comm_B_0_3_2,receiver_release,229.104,us
b,0.0,3,8,Comm_F_5_1_2 -> Comm_B_1_3_2,signal_dispatch,183.544,us
b,0.0,3,8,Comm_F_5_1_2 -> Comm_B_1_3_2,signal_transit,11206.574,us
b,0.0,3,8,Comm_F_5_1_2 -> Comm_B_1_3_2,receiver_release,271.016,us
b,0.0,3,10,Comm_F_6_1_2 -> Comm_B_2_3_2,signal_dispatch,198.717,us
b,0.0,3,10,Comm_F_6_1_2 -> Comm_B_2_3_2,signal_transit,17279.346,us
b,0.0,3,10,Comm_F_6_1_2 -> Comm_B_2_3_2,receiver_release,299.779,us
b,0.0,3,12,Comm_F_7_1_2 -> Comm_B_3_3_2,signal_dispatch,79.199,us
b,0.0,3,12,Comm_F_7_1_2 -> Comm_B_3_3_2,signal_transit,30775.955,us
b,0.0,3,12,Comm_F_7_1_2 -> Comm_B_3_3_2,receiver_release,274.6,us
b,0.0,3,1,Comm_B_0_3_2 -> Comm_F_5_1_2,signal_dispatch,192.344,us
b,0.0,3,1,Comm_B_0_3_2 -> Comm_F_5_1_2,signal_transit,6487.39,us
b,0.0,3,1,Comm_B_0_3_2 -> Comm_F_5_1_2,receiver_release,210.996,us
b,0.0,3,3,Comm_B_1_3_2 -> Comm_F_6_1_2,signal_dispatch,79.576,us
b,0.0,3,3,Comm_B_1_3_2 -> Comm_F_6_1_2,signal_transit,149.06,us
b,0.0,3,3,Comm_B_1_3_2 -> Comm_F_6_1_2,receiver_release,246.186,us
b,0.0,3,5,Comm_B_2_3_2 -> Comm_F_7_1_2,signal_dispatch,189.725,us
b,0.0,3,5,Comm_B_2_3_2 -> Comm_F_7_1_2,signal_transit,251.474,us
b,0.0,3,5,Comm_B_2_3_2 -> Comm_F_7_1_2,receiver_release,325.662,us
b,0.0,4,6,Comm_F_4_1_2 -> Comm_B_0_3_2,signal_dispatch,417.735,us
b,0.0,4,6,Comm_F_4_1_2 -> Comm_B_0_3_2,signal_transit,2491.045,us
b,0.0,4,6,Comm_F_4_1_2 -> Comm_B_0_3_2,receiver_release,308.564,us
b,0.0,4,8,Comm_F_5_1_2 -> Comm_B_1_3_2,signal_dispatch,168.831,us
b,0.0,4,8,Comm_F_5_1_2 -> Comm_B_1_3_2,signal_transit,25063.976,us
b,0.0,4,8,Comm_F_5_1_2 -> Comm_B_1_3_2,receiver_release,324.165,us
b,0.0,4,10,Comm_F_6_1_2 -> Comm_B_2_3_2,signal_dispatch,80.136,us
b,0.0,4,10,Comm_F_6_1_2 -> Comm_B_2_3_2,signal_transit,29911.222,us
b,0.0,4,10,Comm_F_6_1_2 -> Comm_B_2_3_2,receiver_release,377.251,us
b,0.0,4,12,Comm_F_7_1_2 -> Comm_B_3_3_2,signal_dispatch,85.353,us
b,0.0,4,12,Comm_F_7_1_2 -> Comm_B_3_3_2,signal_transit,46478.874,us
b,0.0,4,12,Comm_F_7_1_2 -> Comm_B_3_3_2,receiver_release,393.958,us
b,0.0,4,1,Comm_B_0_3_2 -> Comm_F_5_1_2,signal_dispatch,202.182,us
b,0.0,4,1,Comm_B_0_3_2 -> Comm_F_5_1_2,signal_transit,3031.766,us
b,0.0,4,1,Comm_B_0_3_2 -> Comm_F_5_1_2,receiver_release,251.644,us
b,0.0,4,3,Comm_B_1_3_2 -> Comm_F_6_1_2,signal_dispatch,188.467,us
b,0.0,4,3,Comm_B_1_3_2 -> Comm_F_6_1_2,signal_transit,250.629,us
b,0.0,4,3,Comm_B_1_3_2 -> Comm_F_6_1_2,receiver_release,266.641,us
b,0.0,4,5,Comm_B_2_3_2 -> Comm_F_7_1_2,signal_dispatch,82.997,us
b,0.0,4,5,Comm_B_2_3_2 -> Comm_F_7_1_2,signal_transit,168.992,us
b,0.0,4,5,Comm_B_2_3_2 -> Comm_F_7_1_2,receiver_release,303.906,us
b,0.0,5,6,Comm_F_4_1_2 -> Comm_B_0_3_2,signal_dispatch,341.765,us
b,0.0,5,6,Comm_F_4_1_2 -> Comm_B_0_3_2,signal_transit,1958.39,us
b,0.0,5,6,Comm_F_4_1_2 -> Comm_B_0_3_2,receiver_release,362.366,us
b,0.0,5,8,Comm_F_5_1_2 -> Comm_B_1_3_2,signal_dispatch,79.314,us
b,0.0,5,8,Comm_F_5_1_2 -> Comm_B_1_3_2,signal_transit,26417.831,us
b,0.0,5,8,Comm_F_5_1_2 -> Comm_B_1_3_2,receiver_release,396.104,us
b,0.0,5,10,Comm_F_6_1_2 -> Comm_B_2_3_2,signal_dispatch,83.124,us
b,0.0,5,10,Comm_F_6_1_2 -> Comm_B_2_3_2,signal_transit,28873.024,us
b,0.0,5,10,Comm_F_6_1_2 -> Comm_B_2_3_2,receiver_release,379.059,us
b,0.0,5,12,Comm_F_7_1_2 -> Comm_B_3_3_2,signal_dispatch,199.338,us
b,0.0,5,12,Comm_F_7_1_2 -> Comm_B_3_3_2,signal_transit,31169.843,us
b,0.0,5,12,Comm_F_7_1_2 -> Comm_B_3_3_2,receiver_release,341.321,us
b,0.0,5,1,Comm_B_0_3_2 -> Comm_F_5_1_2,signal_dispatch,188.207,us
b,0.0,5,1,Comm_B_0_3_2 -> Comm_F_5_1_2,signal_transit,3936.028,us
b,0.0,5,1,Comm_B_0_3_2 -> Comm_F_5_1_2,receiver_release,187.586,us
b,0.0,5,3,Comm_B_1_3_2 -> Comm_F_6_1_2,signal_dispatch,82.08,us
b,0.0,5,3,Comm_B_1_3_2 -> Comm_F_6_1_2,signal_transit,176.986,us
b,0.0,5,3,Comm_B_1_3_2 -> Comm_F_6_1_2,receiver_release,381.909,us
b,0.0,5,5,Comm_B_2_3_2 -> Comm_F_7_1_2,signal_dispatch,1189.97,us
b,0.0,5,5,Comm_B_2_3_2 -> Comm_F_7_1_2,signal_transit,204.412,us
b,0.0,5,5,Comm_B_2_3_2 -> Comm_F_7_1_2,receiver_release,401.06,us
b,0.0,6,6,Comm_F_4_1_2 -> Comm_B_0_3_2,signal_dispatch,345.28,us
b,0.0,6,6,Comm_F_4_1_2 -> Comm_B_0_3_2,signal_transit,10848.679,us
b,0.0,6,6,Comm_F_4_1_2 -> Comm_B_0_3_2,receiver_release,365.197,us
b,0.0,6,8,Comm_F_5_1_2 -> Comm_B_1_3_2,signal_dispatch,186.082,us
b,0.0,6,8,Comm_F_5_1_2 -> Comm_B_1_3_2,signal_transit,29407.273,us
b,0.0,6,8,Comm_F_5_1_2 -> Comm_B_1_3_2,receiver_release,400.796,us
b,0.0,6,10,Comm_F_6_1_2 -> Comm_B_2_3_2,signal_dispatch,80.989,us
b,0.0,6,10,Comm_F_6_1_2 -> Comm_B_2_3_2,signal_transit,27740.548,us
b,0.0,6,10,Comm_F_6_1_2 -> Comm_B_2_3_2,receiver_release,341.852,us
b,0.0,6,12,Comm_F_7_1_2 -> Comm_B_3_3_2,signal_dispatch,87.505,us
b,0.0,6,12,Comm_F_7_1_2 -> Comm_B_3_3_2,signal_transit,46431.956,us
b,0.0,6,12,Comm_F_7_1_2 -> Comm_B_3_3_2,receiver_release,377.218,us
b,0.0,6,1,Comm_B_0_3_2 -> Comm_F_5_1_2,signal_dispatch,192.866,us
b,0.0,6,1,Comm_B_0_3_2 -> Comm_F_5_1_2,signal_transit,223.265,us
b,0.0,6,1,Comm_B_0_3_2 -> Comm_F_5_1_2,receiver_release,194.962,us
b,0.0,6,3,Comm_B_1_3_2 -> Comm_F_6_1_2,signal_dispatch,183.738,us
b,0.0,6,3,Comm_B_1_3_2 -> Comm_F_6_1_2,signal_transit,225.973,us
b,0.0,6,3,Comm_B_1_3_2 -> Comm_F_6_1_2,receiver_release,240.702,us
b,0.0,6,5,Comm_B_2_3_2 -> Comm_F_7_1_2,signal_dispatch,182.493,us
b,0.0,6,5,Comm_B_2_3_2 -> Comm_F_7_1_2,signal_transit,245.474,us
b,0.0,6,5,Comm_B_2_3_2 -> Comm_F_7_1_2,receiver_release,346.498,us
b,0.0,7,6,Comm_F_4_1_2 -> Comm_B_0_3_2,signal_dispatch,189.501,us
b,0.0,7,6,Comm_F_4_1_2 -> Comm_B_0_3_2,signal_transit,2630.802,us
b,0.0,7,6,Comm_F_4_1_2 -> Comm_B_0_3_2,receiver_release,282.484,us
b,0.0,7,8,Comm_F_5_1_2 -> Comm_B_1_3_2,signal_dispatch,76.057,us
b,0.0,7,8,Comm_F_5_1_2 -> Comm_B_1_3_2,signal_transit,25401.546,us
b,0.0,7,8,Comm_F_5_1_2 -> Comm_B_1_3_2,receiver_release,336.109,us
b,0.0,7,10,Comm_F_6_1_2 -> Comm_B_2_3_2,signal_dispatch,192.408,us
b,0.0,7,10,Comm_F_6_1_2 -> Comm_B_2_3_2,signal_transit,26348.263,us
b,0.0,7,10,Comm_F_6_1_2 -> Comm_B_2_3_2,receiver_release,479.526,us
b,0.0,7,12,Comm_F_7_1_2 -> Comm_B_3_3_2,signal_dispatch,85.408,us
b,0.0,7,12,Comm_F_7_1_2 -> Comm_B_3_3_2,signal_transit,47911.03,us
b,0.0,7,12,Comm_F_7_1_2 -> Comm_B_3_3_2,receiver_release,345.218,us
b,0.0,7,1,Comm_B_0_3_2 -> Comm_F_5_1_2,signal_dispatch,194.429,us
b,0.0,7,1,Comm_B_0_3_2 -> Comm_F_5_1_2,signal_transit,2899.138,us
b,0.0,7,1,Comm_B_0_3_2 -> Comm_F_5_1_2,receiver_release,296.929,us
b,0.0,7,3,Comm_B_1_3_2 -> Comm_F_6_1_2,signal_dispatch,199.24,us
b,0.0,7,3,Comm_B_1_3_2 -> Comm_F_6_1_2,signal_transit,251.38,us
b,0.0,7,3,Comm_B_1_3_2 -> Comm_F_6_1_2,receiver_release,360.043,us
b,0.0,7,5,Comm_B_2_3_2 -> Comm_F_7_1_2,signal_dispatch,189.409,us
b,0.0,7,5,Comm_B_2_3_2 -> Comm_F_7_1_2,signal_transit,222.158,us
b,0.0,7,5,Comm_B_2_3_2 -> Comm_F_7_1_2,receiver_release,294.627,us
b,0.0,8,6,Comm_F_4_1_2 -> Comm_B_0_3_2,signal_dispatch,341.02,us
b,0.0,8,6,Comm_F_4_1_2 -> Comm_B_0_3_2,signal_transit,4282.771,us
b,0.0,8,6,Comm_F_4_1_2 -> Comm_B_0_3_2,receiver_release,402.412,us
b,0.0,8,8,Comm_F_5_1_2 -> Comm_B_1_3_2,signal_dispatch,77.455,us
b,0.0,8,8,Comm_F_5_1_2 -> Comm_B_1_3_2,signal_transit,29578.783,us
b,0.0,8,8,Comm_F_5_1_2 -> Comm_B_1_3_2,receiver_release,389.097,us
b,0.0,8,10,Comm_F_6_1_2 -> Comm_B_2_3_2,signal_dispatch,183.266,us
b,0.0,8,10,Comm_F_6_1_2 -> Comm_B_2_3_2,signal_transit,29693.874,us
b,0.0,8,10,Comm_F_6_1_2 -> Comm_B_2_3_2,receiver_release,458.658,us
b,0.0,8,12,Comm_F_7_1_2 -> Comm_B_3_3_2,signal_dispatch,175.771,us
b,0.0,8,12,Comm_F_7_1_2 -> Comm_B_3_3_2,signal_transit,49114.724,us
b,0.0,8,12,Comm_F_7_1_2 -> Comm_B_3_3_2,receiver_release,457.569,us
b,0.0,8,1,Comm_B_0_3_2 -> Comm_F_5_1_2,signal_dispatch,186.905,us
b,0.0,8,1,Comm_B_0_3_2 -> Comm_F_5_1_2,signal_transit,2365.962,us
b,0.0,8,1,Comm_B_0_3_2 -> Comm_F_5_1_2,receiver_release,261.456,us
b,0.0,8,3,Comm_B_1_3_2 -> Comm_F_6_1_2,signal_dispatch,184.605,us
b,0.0,8,3,Comm_B_1_3_2 -> Comm_F_6_1_2,signal_transit,259.878,us
b,0.0,8,3,Comm_B_1_3_2 -> Comm_F_6_1_2,receiver_release,286.939,us
b,0.0,8,5,Comm_B_2_3_2 -> Comm_F_7_1_2,signal_dispatch,187.777,us
b,0.0,8,5,Comm_B_2_3_2 -> Comm_F_7_1_2,signal_transit,279.931,us
b,0.0,8,5,Comm_B_2_3_2 -> Comm_F_7_1_2,receiver_release,479.551,us
b,0.0,9,6,Comm_F_4_1_2 -> Comm_B_0_3_2,signal_dispatch,333.355,us
b,0.0,9,6,Comm_F_4_1_2 -> Comm_B_0_3_2,signal_transit,6531.577,us
b,0.0,9,6,Comm_F_4_1_2 -> Comm_B_0_3_2,receiver_release,498.548,us
b,0.0,9,8,Comm_F_5_1_2 -> Comm_B_1_3_2,signal_dispatch,75.005,us
b,0.0,9,8,Comm_F_5_1_2 -> Comm_B_1_3_2,signal_transit,33165.182,us
b,0.0,9,8,Comm_F_5_1_2 -> Comm_B_1_3_2,receiver_release,485.881,us
b,0.0,9,10,Comm_F_6_1_2 -> Comm_B_2_3_2,signal_dispatch,77.542,us
b,0.0,9,10,Comm_F_6_1_2 -> Comm_B_2_3_2,signal_transit,32310.805,us
b,0.0,9,10,Comm_F_6_1_2 -> Comm_B_2_3_2,receiver_release,523.48,us
b,0.0,9,12,Comm_F_7_1_2 -> Comm_B_3_3_2,signal_dispatch,183.442,us
b,0.0,9,12,Comm_F_7_1_2 -> Comm_B_3_3_2,signal_transit,51179.567,us
b,0.0,9,12,Comm_F_7_1_2 -> Comm_B_3_3_2,receiver_release,430.948,us
b,0.0,9,1,Comm_B_0_3_2 -> Comm_F_5_1_2,signal_dispatch,178.701,us
b,0.0,9,1,Comm_B_0_3_2 -> Comm_F_5_1_2,signal_transit,251.031,us
b,0.0,9,1,Comm_B_0_3_2 -> Comm_F_5_1_2,receiver_release,200.82,us
b,0.0,9,3,Comm_B_1_3_2 -> Comm_F_6_1_2,signal_dispatch,86.476,us
b,0.0,9,3,Comm_B_1_3_2 -> Comm_F_6_1_2,signal_transit,199.859,us
b,0.0,9,3,Comm_B_1_3_2 -> Comm_F_6_1_2,receiver_release,421.382,us
b,0.0,9,5,Comm_B_2_3_2 -> Comm_F_7_1_2,signal_dispatch,73.5,us
b,0.0,9,5,Comm_B_2_3_2 -> Comm_F_7_1_2,signal_transit,210.834,us
b,0.0,9,5,Comm_B_2_3_2 -> Comm_F_7_1_2,receiver_release,377.637,us
b,0.0,10,6,Comm_F_4_1_2 -> Comm_B_0_3_2,signal_dispatch,180.158,us
b,0.0,10,6,Comm_F_4_1_2 -> Comm_B_0_3_2,signal_transit,5183.278,us
b,0.0,10,6,Comm_F_4_1_2 -> Comm_B_0_3_2,receiver_release,382.444,us
b,0.0,10,8,Comm_F_5_1_2 -> Comm_B_1_3_2,signal_dispatch,166.038,us
b,0.0,10,8,Comm_F_5_1_2 -> Comm_B_1_3_2,signal_transit,28127.331,us
b,0.0,10,8,Comm_F_5_1_2 -> Comm_B_1_3_2,receiver_release,462.94,us
b,0.0,10,10,Comm_F_6_1_2 -> Comm_B_2_3_2,signal_dispatch,72.246,us
b,0.0,10,10,Comm_F_6_1_2 -> Comm_B_2_3_2,signal_transit,30720.132,us
b,0.0,10,10,Comm_F_6_1_2 -> Comm_B_2_3_2,receiver_release,432.928,us
b,0.0,10,12,Comm_F_7_1_2 -> Comm_B_3_3_2,signal_dispatch,177.221,us
b,0.0,10,12,Comm_F_7_1_2 -> Comm_B_3_3_2,signal_transit,49111.84,us
b,0.0,10,12,Comm_F_7_1_2 -> Comm_B_3_3_2,receiver_release,211.641,us
b,0.0,10,1,Comm_B_0_3_2 -> Comm_F_5_1_2,signal_dispatch,183.337,us
b,0.0,10,1,Comm_B_0_3_2 -> Comm_F_5_1_2,signal_transit,2571.365,us
b,0.0,10,1,Comm_B_0_3_2 -> Comm_F_5_1_2,receiver_release,194.441,us
b,0.0,10,3,Comm_B_1_3_2 -> Comm_F_6_1_2,signal_dispatch,178.737,us
b,0.0,10,3,Comm_B_1_3_2 -> Comm_F_6_1_2,signal_transit,288.138,us
b,0.0,10,3,Comm_B_1_3_2 -> Comm_F_6_1_2,receiver_release,339.207,us
b,0.0,10,5,Comm_B_2_3_2 -> Comm_F_7_1_2,signal_dispatch,78.704,us
b,0.0,10,5,Comm_B_2_3_2 -> Comm_F_7_1_2,signal_transit,216.46,us
b,0.0,10,5,Comm_B_2_3_2 -> Comm_F_7_1_2,receiver_release,418.867,us
b,0.5,3,6,Comm_F_4_1_2 -> Comm_B_0_3_2,signal_dispatch,456.001,us
b,0.5,3,6,Comm_F_4_1_2 -> Comm_B_0_3_2,signal_transit,425.506,us
b,0.5,3,6,Comm_F_4_1_2 -> Comm_B_0_3_2,receiver_release,461.34,us
b,0.5,3,8,Comm_F_5_1_2 -> Comm_B_1_3_2,signal_dispatch,85.426,us
b,0.5,3,8,Comm_F_5_1_2 -> Comm_B_1_3_2,signal_transit,15457.752,us
b,0.5,3,8,Comm_F_5_1_2 -> Comm_B_1_3_2,receiver_release,756.851,us
b,0.5,3,10,Comm_F_6_1_2 -> Comm_B_2_3_2,signal_dispatch,448.254,us
b,0.5,3,10,Comm_F_6_1_2 -> Comm_B_2_3_2,signal_transit,22532.598,us
b,0.5,3,10,Comm_F_6_1_2 -> Comm_B_2_3_2,receiver_release,523.787,us
b,0.5,3,12,Comm_F_7_1_2 -> Comm_B_3_3_2,signal_dispatch,91.585,us
b,0.5,3,12,Comm_F_7_1_2 -> Comm_B_3_3_2,signal_transit,33027.057,us
b,0.5,3,12,Comm_F_7_1_2 -> Comm_B_3_3_2,receiver_release,499.349,us
b,0.5,3,1,Comm_B_0_3_2 -> Comm_F_5_1_2,signal_dispatch,105.91,us
b,0.5,3,1,Comm_B_0_3_2 -> Comm_F_5_1_2,signal_transit,7833.269,us
b,0.5,3,1,Comm_B_0_3_2 -> Comm_F_5_1_2,receiver_release,376.704,us
b,0.5,3,3,Comm_B_1_3_2 -> Comm_F_6_1_2,signal_dispatch,79.322,us
b,0.5,3,3,Comm_B_1_3_2 -> Comm_F_6_1_2,signal_transit,156.976,us
b,0.5,3,3,Comm_B_1_3_2 -> Comm_F_6_1_2,receiver_release,786.403,us
b,0.5,3,5,Comm_B_2_3_2 -> Comm_F_7_1_2,signal_dispatch,75.985,us
b,0.5,3,5,Comm_B_2_3_2 -> Comm_F_7_1_2,signal_transit,144.43,us
b,0.5,3,5,Comm_B_2_3_2 -> Comm_F_7_1_2,receiver_release,526.997,us
b,0.5,4,6,Comm_F_4_1_2 -> Comm_B_0_3_2,signal_dispatch,431.696,us
b,0.5,4,6,Comm_F_4_1_2 -> Comm_B_0_3_2,signal_transit,4199.803,us
b,0.5,4,6,Comm_F_4_1_2 -> Comm_B_0_3_2,receiver_release,360.921,us
b,0.5,4,8,Comm_F_5_1_2 -> Comm_B_1_3_2,signal_dispatch,354.672,us
b,0.5,4,8,Comm_F_5_1_2 -> Comm_B_1_3_2,signal_transit,19698.415,us
b,0.5,4,8,Comm_F_5_1_2 -> Comm_B_1_3_2,receiver_release,418.251,us
b,0.5,4,10,Comm_F_6_1_2 -> Comm_B_2_3_2,signal_dispatch,78.345,us
b,0.5,4,10,Comm_F_6_1_2 -> Comm_B_2_3_2,signal_transit,22384.509,us
b,0.5,4,10,Comm_F_6_1_2 -> Comm_B_2_3_2,receiver_release,529.004,us
b,0.5,4,12,Comm_F_7_1_2 -> Comm_B_3_3_2,signal_dispatch,85.871,us
b,0.5,4,12,Comm_F_7_1_2 -> Comm_B_3_3_2,signal_transit,34541.85,us
b,0.5,4,12,Comm_F_7_1_2 -> Comm_B_3_3_2,receiver_release,519.782,us
b,0.5,4,1,Comm_B_0_3_2 -> Comm_F_5_1_2,signal_dispatch,420.523,us
b,0.5,4,1,Comm_B_0_3_2 -> Comm_F_5_1_2,signal_transit,1192.59,us
b,0.5,4,1,Comm_B_0_3_2 -> Comm_F_5_1_2,receiver_release,378.692,us
b,0.5,4,3,Comm_B_1_3_2 -> Comm_F_6_1_2,signal_dispatch,78.28,us
b,0.5,4,3,Comm_B_1_3_2 -> Comm_F_6_1_2,signal_transit,146.696,us
b,0.5,4,3,Comm_B_1_3_2 -> Comm_F_6_1_2,receiver_release,516.362,us
b,0.5,4,5,Comm_B_2_3_2 -> Comm_F_7_1_2,signal_dispatch,74.669,us
b,0.5,4,5,Comm_B_2_3_2 -> Comm_F_7_1_2,signal_transit,142.55,us
b,0.5,4,5,Comm_B_2_3_2 -> Comm_F_7_1_2,receiver_release,527.011,us
b,0.5,5,6,Comm_F_4_1_2 -> Comm_B_0_3_2,signal_dispatch,185.657,us
b,0.5,5,6,Comm_F_4_1_2 -> Comm_B_0_3_2,signal_transit,290.311,us
b,0.5,5,6,Comm_F_4_1_2 -> Comm_B_0_3_2,receiver_release,841.563,us
b,0.5,5,8,Comm_F_5_1_2 -> Comm_B_1_3_2,signal_dispatch,183.873,us
b,0.5,5,8,Comm_F_5_1_2 -> Comm_B_1_3_2,signal_transit,12032.903,us
b,0.5,5,8,Comm_F_5_1_2 -> Comm_B_1_3_2,receiver_release,725.987,us
b,0.5,5,10,Comm_F_6_1_2 -> Comm_B_2_3_2,signal_dispatch,77.346,us
b,0.5,5,10,Comm_F_6_1_2 -> Comm_B_2_3_2,signal_transit,25040.677,us
b,0.5,5,10,Comm_F_6_1_2 -> Comm_B_2_3_2,receiver_release,685.343,us
b,0.5,5,12,Comm_F_7_1_2 -> Comm_B_3_3_2,signal_dispatch,87.708,us
b,0.5,5,12,Comm_F_7_1_2 -> Comm_B_3_3_2,signal_transit,39082.13,us
b,0.5,5,12,Comm_F_7_1_2 -> Comm_B_3_3_2,receiver_release,858.198,us
b,0.5,5,1,Comm_B_0_3_2 -> Comm_F_5_1_2,signal_dispatch,104.257,us
b,0.5,5,1,Comm_B_0_3_2 -> Comm_F_5_1_2,signal_transit,9373.734,us
b,0.5,5,1,Comm_B_0_3_2 -> Comm_F_5_1_2,receiver_release,630.015,us
b,0.5,5,3,Comm_B_1_3_2 -> Comm_F_6_1_2,signal_dispatch,72.101,us
b,0.5,5,3,Comm_B_1_3_2 -> Comm_F_6_1_2,signal_transit,122.995,us
b,0.5,5,3,Comm_B_1_3_2 -> Comm_F_6_1_2,receiver_release,620.509,us
b,0.5,5,5,Comm_B_2_3_2 -> Comm_F_7_1_2,signal_dispatch,189.856,us
b,0.5,5,5,Comm_B_2_3_2 -> Comm_F_7_1_2,signal_transit,243.544,us
b,0.5,5,5,Comm_B_2_3_2 -> Comm_F_7_1_2,receiver_release,637.85,us
b,0.5,6,6,Comm_F_4_1_2 -> Comm_B_0_3_2,signal_dispatch,189.798,us
b,0.5,6,6,Comm_F_4_1_2 -> Comm_B_0_3_2,signal_transit,1034.919,us
b,0.5,6,6,Comm_F_4_1_2 -> Comm_B_0_3_2,receiver_release,399.157,us
b,0.5,6,8,Comm_F_5_1_2 -> Comm_B_1_3_2,signal_dispatch,75.949,us
b,0.5,6,8,Comm_F_5_1_2 -> Comm_B_1_3_2,signal_transit,15937.208,us
b,0.5,6,8,Comm_F_5_1_2 -> Comm_B_1_3_2,receiver_release,435.487,us
b,0.5,6,10,Comm_F_6_1_2 -> Comm_B_2_3_2,signal_dispatch,72.936,us
b,0.5,6,10,Comm_F_6_1_2 -> Comm_B_2_3_2,signal_transit,24008.166,us
b,0.5,6,10,Comm_F_6_1_2 -> Comm_B_2_3_2,receiver_release,536.249,us
b,0.5,6,12,Comm_F_7_1_2 -> Comm_B_3_3_2,signal_dispatch,82.847,us
b,0.5,6,12,Comm_F_7_1_2 -> Comm_B_3_3_2,signal_transit,21666.564,us
b,0.5,6,12,Comm_F_7_1_2 -> Comm_B_3_3_2,receiver_release,597.578,us
b,0.5,6,1,Comm_B_0_3_2 -> Comm_F_5_1_2,signal_dispatch,194.772,us
b,0.5,6,1,Comm_B_0_3_2 -> Comm_F_5_1_2,signal_transit,6046.288,us
b,0.5,6,1,Comm_B_0_3_2 -> Comm_F_5_1_2,receiver_release,439.968,us
b,0.5,6,3,Comm_B_1_3_2 -> Comm_F_6_1_2,signal_dispatch,79.21,us
b,0.5,6,3,Comm_B_1_3_2 -> Comm_F_6_1_2,signal_transit,149.329,us
b,0.5,6,3,Comm_B_1_3_2 -> Comm_F_6_1_2,receiver_release,588.63,us
b,0.5,6,5,Comm_B_2_3_2 -> Comm_F_7_1_2,signal_dispatch,185.473,us
b,0.5,6,5,Comm_B_2_3_2 -> Comm_F_7_1_2,signal_transit,15193.588,us
b,0.5,6,5,Comm_B_2_3_2 -> Comm_F_7_1_2,receiver_release,466.684,us
b,0.5,7,6,Comm_F_4_1_2 -> Comm_B_0_3_2,signal_dispatch,193.515,us
b,0.5,7,6,Comm_F_4_1_2 -> Comm_B_0_3_2,signal_transit,273.029,us
b,0.5,7,6,Comm_F_4_1_2 -> Comm_B_0_3_2,receiver_release,819.012,us
b,0.5,7,8,Comm_F_5_1_2 -> Comm_B_1_3_2,signal_dispatch,348.71,us
b,0.5,7,8,Comm_F_5_1_2 -> Comm_B_1_3_2,signal_transit,19067.338,us
b,0.5,7,8,Comm_F_5_1_2 -> Comm_B_1_3_2,receiver_release,799.615,us
b,0.5,7,10,Comm_F_6_1_2 -> Comm_B_2_3_2,signal_dispatch,337.656,us
b,0.5,7,10,Comm_F_6_1_2 -> Comm_B_2_3_2,signal_transit,29364.24,us
b,0.5,7,10,Comm_F_6_1_2 -> Comm_B_2_3_2,receiver_release,871.956,us
b,0.5,7,12,Comm_F_7_1_2 -> Comm_B_3_3_2,signal_dispatch,91.212,us
b,0.5,7,12,Comm_F_7_1_2 -> Comm_B_3_3_2,signal_transit,46036.248,us
b,0.5,7,12,Comm_F_7_1_2 -> Comm_B_3_3_2,receiver_release,840.77,us
b,0.5,7,1,Comm_B_0_3_2 -> Comm_F_5_1_2,signal_dispatch,192.064,us
b,0.5,7,1,Comm_B_0_3_2 -> Comm_F_5_1_2,signal_transit,7854.405,us
b,0.5,7,1,Comm_B_0_3_2 -> Comm_F_5_1_2,receiver_release,415.357,us
b,0.5,7,3,Comm_B_1_3_2 -> Comm_F_6_1_2,signal_dispatch,80.184,us
b,0.5,7,3,Comm_B_1_3_2 -> Comm_F_6_1_2,signal_transit,146.135,us
b,0.5,7,3,Comm_B_1_3_2 -> Comm_F_6_1_2,receiver_release,410.432,us
b,0.5,7,5,Comm_B_2_3_2 -> Comm_F_7_1_2,signal_dispatch,74.901,us
b,0.5,7,5,Comm_B_2_3_2 -> Comm_F_7_1_2,signal_transit,139.147,us
b,0.5,7,5,Comm_B_2_3_2 -> Comm_F_7_1_2,receiver_release,402.936,us
b,0.5,8,6,Comm_F_4_1_2 -> Comm_B_0_3_2,signal_dispatch,216.056,us
b,0.5,8,6,Comm_F_4_1_2 -> Comm_B_0_3_2,signal_transit,4883.757,us
b,0.5,8,6,Comm_F_4_1_2 -> Comm_B_0_3_2,receiver_release,501.066,us
b,0.5,8,8,Comm_F_5_1_2 -> Comm_B_1_3_2,signal_dispatch,76.504,us
b,0.5,8,8,Comm_F_5_1_2 -> Comm_B_1_3_2,signal_transit,22776.863,us
b,0.5,8,8,Comm_F_5_1_2 -> Comm_B_1_3_2,receiver_release,575.852,us
b,0.5,8,10,Comm_F_6_1_2 -> Comm_B_2_3_2,signal_dispatch,75.943,us
b,0.5,8,10,Comm_F_6_1_2 -> Comm_B_2_3_2,signal_transit,25510.142,us
b,0.5,8,10,Comm_F_6_1_2 -> Comm_B_2_3_2,receiver_release,712.71,us
b,0.5,8,12,Comm_F_7_1_2 -> Comm_B_3_3_2,signal_dispatch,207.842,us
b,0.5,8,12,Comm_F_7_1_2 -> Comm_B_3_3_2,signal_transit,40901.327,us
b,0.5,8,12,Comm_F_7_1_2 -> Comm_B_3_3_2,receiver_release,684.187,us
b,0.5,8,1,Comm_B_0_3_2 -> Comm_F_5_1_2,signal_dispatch,197.781,us
b,0.5,8,1,Comm_B_0_3_2 -> Comm_F_5_1_2,signal_transit,2175.022,us
b,0.5,8,1,Comm_B_0_3_2 -> Comm_F_5_1_2,receiver_release,458.128,us
b,0.5,8,3,Comm_B_1_3_2 -> Comm_F_6_1_2,signal_dispatch,80.423,us
b,0.5,8,3,Comm_B_1_3_2 -> Comm_F_6_1_2,signal_transit,146.984,us
b,0.5,8,3,Comm_B_1_3_2 -> Comm_F_6_1_2,receiver_release,596.362,us
b,0.5,8,5,Comm_B_2_3_2 -> Comm_F_7_1_2,signal_dispatch,73.94,us
b,0.5,8,5,Comm_B_2_3_2 -> Comm_F_7_1_2,signal_transit,153.322,us
b,0.5,8,5,Comm_B_2_3_2 -> Comm_F_7_1_2,receiver_release,687.238,us
b,0.5,9,6,Comm_F_4_1_2 -> Comm_B_0_3_2,signal_dispatch,181.528,us
b,0.5,9,6,Comm_F_4_1_2 -> Comm_B_0_3_2,signal_transit,292.593,us
b,0.5,9,6,Comm_F_4_1_2 -> Comm_B_0_3_2,receiver_release,951.546,us
b,0.5,9,8,Comm_F_5_1_2 -> Comm_B_1_3_2,signal_dispatch,175.901,us
b,0.5,9,8,Comm_F_5_1_2 -> Comm_B_1_3_2,signal_transit,19464.216,us
b,0.5,9,8,Comm_F_5_1_2 -> Comm_B_1_3_2,receiver_release,796.177,us
b,0.5,9,10,Comm_F_6_1_2 -> Comm_B_2_3_2,signal_dispatch,215.515,us
b,0.5,9,10,Comm_F_6_1_2 -> Comm_B_2_3_2,signal_transit,30354.141,us
b,0.5,9,10,Comm_F_6_1_2 -> Comm_B_2_3_2,receiver_release,881.012,us
b,0.5,9,12,Comm_F_7_1_2 -> Comm_B_3_3_2,signal_dispatch,85.41,us
b,0.5,9,12,Comm_F_7_1_2 -> Comm_B_3_3_2,signal_transit,46434.958,us
b,0.5,9,12,Comm_F_7_1_2 -> Comm_B_3_3_2,receiver_release,923.547,us
b,0.5,9,1,Comm_B_0_3_2 -> Comm_F_5_1_2,signal_dispatch,186.909,us
b,0.5,9,1,Comm_B_0_3_2 -> Comm_F_5_1_2,signal_transit,7408.031,us
b,0.5,9,1,Comm_B_0_3_2 -> Comm_F_5_1_2,receiver_release,552.929,us
b,0.5,9,3,Comm_B_1_3_2 -> Comm_F_6_1_2,signal_dispatch,101.69,us
b,0.5,9,3,Comm_B_1_3_2 -> Comm_F_6_1_2,signal_transit,171.839,us
b,0.5,9,3,Comm_B_1_3_2 -> Comm_F_6_1_2,receiver_release,628.337,us
b,0.5,9,5,Comm_B_2_3_2 -> Comm_F_7_1_2,signal_dispatch,81.983,us
b,0.5,9,5,Comm_B_2_3_2 -> Comm_F_7_1_2,signal_transit,160.548,us
b,0.5,9,5,Comm_B_2_3_2 -> Comm_F_7_1_2,receiver_release,696.027,us
b,0.5,10,6,Comm_F_4_1_2 -> Comm_B_0_3_2,signal_dispatch,178.08,us
b,0.5,10,6,Comm_F_4_1_2 -> Comm_B_0_3_2,signal_transit,413.678,us
b,0.5,10,6,Comm_F_4_1_2 -> Comm_B_0_3_2,receiver_release,845.541,us
b,0.5,10,8,Comm_F_5_1_2 -> Comm_B_1_3_2,signal_dispatch,75.209,us
b,0.5,10,8,Comm_F_5_1_2 -> Comm_B_1_3_2,signal_transit,18791.38,us
b,0.5,10,8,Comm_F_5_1_2 -> Comm_B_1_3_2,receiver_release,772.902,us
b,0.5,10,10,Comm_F_6_1_2 -> Comm_B_2_3_2,signal_dispatch,177.846,us
b,0.5,10,10,Comm_F_6_1_2 -> Comm_B_2_3_2,signal_transit,30316.494,us
b,0.5,10,10,Comm_F_6_1_2 -> Comm_B_2_3_2,receiver_release,897.721,us
b,0.5,10,12,Comm_F_7_1_2 -> Comm_B_3_3_2,signal_dispatch,210.727,us
b,0.5,10,12,Comm_F_7_1_2 -> Comm_B_3_3_2,signal_transit,45625.664,us
b,0.5,10,12,Comm_F_7_1_2 -> Comm_B_3_3_2,receiver_release,916.907,us
b,0.5,10,1,Comm_B_0_3_2 -> Comm_F_5_1_2,signal_dispatch,186.717,us
b,0.5,10,1,Comm_B_0_3_2 -> Comm_F_5_1_2,signal_transit,7672.651,us
b,0.5,10,1,Comm_B_0_3_2 -> Comm_F_5_1_2,receiver_release,539.72,us
b,0.5,10,3,Comm_B_1_3_2 -> Comm_F_6_1_2,signal_dispatch,78.715,us
b,0.5,10,3,Comm_B_1_3_2 -> Comm_F_6_1_2,signal_transit,152.324,us
b,0.5,10,3,Comm_B_1_3_2 -> Comm_F_6_1_2,receiver_release,583.251,us
b,0.5,10,5,Comm_B_2_3_2 -> Comm_F_7_1_2,signal_dispatch,77.437,us
b,0.5,10,5,Comm_B_2_3_2 -> Comm_F_7_1_2,signal_transit,156.623,us
b,0.5,10,5,Comm_B_2_3_2 -> Comm_F_7_1_2,receiver_release,924.319,us
b,1.0,11,6,Comm_F_4_1_2 -> Comm_B_0_3_2,signal_dispatch,436.611,us
b,1.0,11,6,Comm_F_4_1_2 -> Comm_B_0_3_2,signal_transit,295.36,us
b,1.0,11,6,Comm_F_4_1_2 -> Comm_B_0_3_2,receiver_release,548.828,us
b,1.0,11,8,Comm_F_5_1_2 -> Comm_B_1_3_2,signal_dispatch,76.845,us
b,1.0,11,8,Comm_F_5_1_2 -> Comm_B_1_3_2,signal_transit,11922.851,us
b,1.0,11,8,Comm_F_5_1_2 -> Comm_B_1_3_2,receiver_release,380.787,us
b,1.0,11,10,Comm_F_6_1_2 -> Comm_B_2_3_2,signal_dispatch,431.079,us
b,1.0,11,10,Comm_F_6_1_2 -> Comm_B_2_3_2,signal_transit,19195.787,us
b,1.0,11,10,Comm_F_6_1_2 -> Comm_B_2_3_2,receiver_release,488.696,us
b,1.0,11,12,Comm_F_7_1_2 -> Comm_B_3_3_2,signal_dispatch,76.392,us
b,1.0,11,12,Comm_F_7_1_2 -> Comm_B_3_3_2,signal_transit,30799.995,us
b,1.0,11,12,Comm_F_7_1_2 -> Comm_B_3_3_2,receiver_release,488.635,us
b,1.0,11,1,Comm_B_0_3_2 -> Comm_F_5_1_2,signal_dispatch,194.446,us
b,1.0,11,1,Comm_B_0_3_2 -> Comm_F_5_1_2,signal_transit,11279.142,us
b,1.0,11,1,Comm_B_0_3_2 -> Comm_F_5_1_2,receiver_release,389.389,us
b,1.0,11,3,Comm_B_1_3_2 -> Comm_F_6_1_2,signal_dispatch,339.929,us
b,1.0,11,3,Comm_B_1_3_2 -> Comm_F_6_1_2,signal_transit,188.194,us
b,1.0,11,3,Comm_B_1_3_2 -> Comm_F_6_1_2,receiver_release,380.845,us
b,1.0,11,5,Comm_B_2_3_2 -> Comm_F_7_1_2,signal_dispatch,377.834,us
b,1.0,11,5,Comm_B_2_3_2 -> Comm_F_7_1_2,signal_transit,230.784,us
b,1.0,11,5,Comm_B_2_3_2 -> Comm_F_7_1_2,receiver_release,393.345,us
b,1.0,12,6,Comm_F_4_1_2 -> Comm_B_0_3_2,signal_dispatch,320.118,us
b,1.0,12,6,Comm_F_4_1_2 -> Comm_B_0_3_2,signal_transit,1009.203,us
b,1.0,12,6,Comm_F_4_1_2 -> Comm_B_0_3_2,receiver_release,515.242,us
b,1.0,12,8,Comm_F_5_1_2 -> Comm_B_1_3_2,signal_dispatch,77.704,us
b,1.0,12,8,Comm_F_5_1_2 -> Comm_B_1_3_2,signal_transit,15776.994,us
b,1.0,12,8,Comm_F_5_1_2 -> Comm_B_1_3_2,receiver_release,608.939,us
b,1.0,12,10,Comm_F_6_1_2 -> Comm_B_2_3_2,signal_dispatch,184.179,us
b,1.0,12,10,Comm_F_6_1_2 -> Comm_B_2_3_2,signal_transit,25537.205,us
b,1.0,12,10,Comm_F_6_1_2 -> Comm_B_2_3_2,receiver_release,679.406,us
b,1.0,12,12,Comm_F_7_1_2 -> Comm_B_3_3_2,signal_dispatch,82.496,us
b,1.0,12,12,Comm_F_7_1_2 -> Comm_B_3_3_2,signal_transit,38608.377,us
b,1.0,12,12,Comm_F_7_1_2 -> Comm_B_3_3_2,receiver_release,698.138,us
b,1.0,12,1,Comm_B_0_3_2 -> Comm_F_5_1_2,signal_dispatch,184.018,us
b,1.0,12,1,Comm_B_0_3_2 -> Comm_F_5_1_2,signal_transit,9895.248,us
b,1.0,12,1,Comm_B_0_3_2 -> Comm_F_5_1_2,receiver_release,425.42,us
b,1.0,12,3,Comm_B_1_3_2 -> Comm_F_6_1_2,signal_dispatch,172.486,us
b,1.0,12,3,Comm_B_1_3_2 -> Comm_F_6_1_2,signal_transit,224.902,us
b,1.0,12,3,Comm_B_1_3_2 -> Comm_F_6_1_2,receiver_release,657.126,us
b,1.0,12,5,Comm_B_2_3_2 -> Comm_F_7_1_2,signal_dispatch,74.014,us
b,1.0,12,5,Comm_B_2_3_2 -> Comm_F_7_1_2,signal_transit,154.471,us
b,1.0,12,5,Comm_B_2_3_2 -> Comm_F_7_1_2,receiver_release,871.713,us
b,1.0,13,6,Comm_F_4_1_2 -> Comm_B_0_3_2,signal_dispatch,364.707,us
b,1.0,13,6,Comm_F_4_1_2 -> Comm_B_0_3_2,signal_transit,204.075,us
b,1.0,13,6,Comm_F_4_1_2 -> Comm_B_0_3_2,receiver_release,428.956,us
b,1.0,13,8,Comm_F_5_1_2 -> Comm_B_1_3_2,signal_dispatch,76.17,us
b,1.0,13,8,Comm_F_5_1_2 -> Comm_B_1_3_2,signal_transit,14067.644,us
b,1.0,13,8,Comm_F_5_1_2 -> Comm_B_1_3_2,receiver_release,487.388,us
b,1.0,13,10,Comm_F_6_1_2 -> Comm_B_2_3_2,signal_dispatch,75.405,us
b,1.0,13,10,Comm_F_6_1_2 -> Comm_B_2_3_2,signal_transit,204.459,us
b,1.0,13,10,Comm_F_6_1_2 -> Comm_B_2_3_2,receiver_release,983.625,us
b,1.0,13,12,Comm_F_7_1_2 -> Comm_B_3_3_2,signal_dispatch,325.823,us
b,1.0,13,12,Comm_F_7_1_2 -> Comm_B_3_3_2,signal_transit,33434.066,us
b,1.0,13,12,Comm_F_7_1_2 -> Comm_B_3_3_2,receiver_release,928.343,us
b,1.0,13,1,Comm_B_0_3_2 -> Comm_F_5_1_2,signal_dispatch,191.014,us
b,1.0,13,1,Comm_B_0_3_2 -> Comm_F_5_1_2,signal_transit,10526.59,us
b,1.0,13,1,Comm_B_0_3_2 -> Comm_F_5_1_2,receiver_release,381.864,us
b,1.0,13,3,Comm_B_1_3_2 -> Comm_F_6_1_2,signal_dispatch,187.62,us
b,1.0,13,3,Comm_B_1_3_2 -> Comm_F_6_1_2,signal_transit,55516.411,us
b,1.0,13,3,Comm_B_1_3_2 -> Comm_F_6_1_2,receiver_release,380.813,us
b,1.0,13,5,Comm_B_2_3_2 -> Comm_F_7_1_2,signal_dispatch,188.633,us
b,1.0,13,5,Comm_B_2_3_2 -> Comm_F_7_1_2,signal_transit,15524.456,us
b,1.0,13,5,Comm_B_2_3_2 -> Comm_F_7_1_2,receiver_release,375.678,us
b,1.0,14,6,Comm_F_4_1_2 -> Comm_B_0_3_2,signal_dispatch,428.298,us
b,1.0,14,6,Comm_F_4_1_2 -> Comm_B_0_3_2,signal_transit,368.399,us
b,1.0,14,6,Comm_F_4_1_2 -> Comm_B_0_3_2,receiver_release,826.647,us
b,1.0,14,8,Comm_F_5_1_2 -> Comm_B_1_3_2,signal_dispatch,193.336,us
b,1.0,14,8,Comm_F_5_1_2 -> Comm_B_1_3_2,signal_transit,20514.733,us
b,1.0,14,8,Comm_F_5_1_2 -> Comm_B_1_3_2,receiver_release,690.353,us
b,1.0,14,10,Comm_F_6_1_2 -> Comm_B_2_3_2,signal_dispatch,81.254,us
b,1.0,14,10,Comm_F_6_1_2 -> Comm_B_2_3_2,signal_transit,27891.488,us
b,1.0,14,10,Comm_F_6_1_2 -> Comm_B_2_3_2,receiver_release,849.341,us
b,1.0,14,12,Comm_F_7_1_2 -> Comm_B_3_3_2,signal_dispatch,196.026,us
b,1.0,14,12,Comm_F_7_1_2 -> Comm_B_3_3_2,signal_transit,48039.649,us
b,1.0,14,12,Comm_F_7_1_2 -> Comm_B_3_3_2,receiver_release,935.778,us
b,1.0,14,1,Comm_B_0_3_2 -> Comm_F_5_1_2,signal_dispatch,200.621,us
b,1.0,14,1,Comm_B_0_3_2 -> Comm_F_5_1_2,signal_transit,9665.271,us
b,1.0,14,1,Comm_B_0_3_2 -> Comm_F_5_1_2,receiver_release,431.574,us
b,1.0,14,3,Comm_B_1_3_2 -> Comm_F_6_1_2,signal_dispatch,84.723,us
b,1.0,14,3,Comm_B_1_3_2 -> Comm_F_6_1_2,signal_transit,161.504,us
b,1.0,14,3,Comm_B_1_3_2 -> Comm_F_6_1_2,receiver_release,495.962,us
b,1.0,14,5,Comm_B_2_3_2 -> Comm_F_7_1_2,signal_dispatch,92.615,us
b,1.0,14,5,Comm_B_2_3_2 -> Comm_F_7_1_2,signal_transit,152.049,us
b,1.0,14,5,Comm_B_2_3_2 -> Comm_F_7_1_2,receiver_release,722.666,us
b,1.0,15,6,Comm_F_4_1_2 -> Comm_B_0_3_2,signal_dispatch,188.155,us
b,1.0,15,6,Comm_F_4_1_2 -> Comm_B_0_3_2,signal_transit,256.921,us
b,1.0,15,6,Comm_F_4_1_2 -> Comm_B_0_3_2,receiver_release,472.69,us
b,1.0,15,8,Comm_F_5_1_2 -> Comm_B_1_3_2,signal_dispatch,9016.728,us
b,1.0,15,8,Comm_F_5_1_2 -> Comm_B_1_3_2,signal_transit,3195.678,us
b,1.0,15,8,Comm_F_5_1_2 -> Comm_B_1_3_2,receiver_release,631.061,us
b,1.0,15,10,Comm_F_6_1_2 -> Comm_B_2_3_2,signal_dispatch,354.106,us
b,1.0,15,10,Comm_F_6_1_2 -> Comm_B_2_3_2,signal_transit,12438.266,us
b,1.0,15,10,Comm_F_6_1_2 -> Comm_B_2_3_2,receiver_release,423.72,us
b,1.0,15,12,Comm_F_7_1_2 -> Comm_B_3_3_2,signal_dispatch,196.251,us
b,1.0,15,12,Comm_F_7_1_2 -> Comm_B_3_3_2,signal_transit,28033.957,us
b,1.0,15,12,Comm_F_7_1_2 -> Comm_B_3_3_2,receiver_release,507.966,us
b,1.0,15,1,Comm_B_0_3_2 -> Comm_F_5_1_2,signal_dispatch,212.491,us
b,1.0,15,1,Comm_B_0_3_2 -> Comm_F_5_1_2,signal_transit,11452.21,us
b,1.0,15,1,Comm_B_0_3_2 -> Comm_F_5_1_2,receiver_release,858.345,us
b,1.0,15,3,Comm_B_1_3_2 -> Comm_F_6_1_2,signal_dispatch,323.785,us
b,1.0,15,3,Comm_B_1_3_2 -> Comm_F_6_1_2,signal_transit,190.437,us
b,1.0,15,3,Comm_B_1_3_2 -> Comm_F_6_1_2,receiver_release,398.893,us
b,1.0,15,5,Comm_B_2_3_2 -> Comm_F_7_1_2,signal_dispatch,177.589,us
b,1.0,15,5,Comm_B_2_3_2 -> Comm_F_7_1_2,signal_transit,222.258,us
b,1.0,15,5,Comm_B_2_3_2 -> Comm_F_7_1_2,receiver_release,567.585,us
b,1.0,16,6,Comm_F_4_1_2 -> Comm_B_0_3_2,signal_dispatch,212.633,us
b,1.0,16,6,Comm_F_4_1_2 -> Comm_B_0_3_2,signal_transit,10425.912,us
b,1.0,16,6,Comm_F_4_1_2 -> Comm_B_0_3_2,receiver_release,370.688,us
b,1.0,16,8,Comm_F_5_1_2 -> Comm_B_1_3_2,signal_dispatch,75.662,us
b,1.0,16,8,Comm_F_5_1_2 -> Comm_B_1_3_2,signal_transit,20597.482,us
b,1.0,16,8,Comm_F_5_1_2 -> Comm_B_1_3_2,receiver_release,386.345,us
b,1.0,16,10,Comm_F_6_1_2 -> Comm_B_2_3_2,signal_dispatch,67.4,us
b,1.0,16,10,Comm_F_6_1_2 -> Comm_B_2_3_2,signal_transit,20552.873,us
b,1.0,16,10,Comm_F_6_1_2 -> Comm_B_2_3_2,receiver_release,431.178,us
b,1.0,16,12,Comm_F_7_1_2 -> Comm_B_3_3_2,signal_dispatch,59.549,us
b,1.0,16,12,Comm_F_7_1_2 -> Comm_B_3_3_2,signal_transit,30587.471,us
b,1.0,16,12,Comm_F_7_1_2 -> Comm_B_3_3_2,receiver_release,413.947,us
b,1.0,16,1,Comm_B_0_3_2 -> Comm_F_5_1_2,signal_dispatch,238.56,us
b,1.0,16,1,Comm_B_0_3_2 -> Comm_F_5_1_2,signal_transit,238.135,us
b,1.0,16,1,Comm_B_0_3_2 -> Comm_F_5_1_2,receiver_release,426.378,us
b,1.0,16,3,Comm_B_1_3_2 -> Comm_F_6_1_2,signal_dispatch,78.021,us
b,1.0,16,3,Comm_B_1_3_2 -> Comm_F_6_1_2,signal_transit,135.63,us
b,1.0,16,3,Comm_B_1_3_2 -> Comm_F_6_1_2,receiver_release,553.91,us
b,1.0,16,5,Comm_B_2_3_2 -> Comm_F_7_1_2,signal_dispatch,74.556,us
b,1.0,16,5,Comm_B_2_3_2 -> Comm_F_7_1_2,signal_transit,135.981,us
b,1.0,16,5,Comm_B_2_3_2 -> Comm_F_7_1_2,receiver_release,587.87,us
b,1.0,17,6,Comm_F_4_1_2 -> Comm_B_0_3_2,signal_dispatch,463.522,us
b,1.0,17,6,Comm_F_4_1_2 -> Comm_B_0_3_2,signal_transit,6859.42,us
b,1.0,17,6,Comm_F_4_1_2 -> Comm_B_0_3_2,receiver_release,387.332,us
b,1.0,17,8,Comm_F_5_1_2 -> Comm_B_1_3_2,signal_dispatch,65.706,us
b,1.0,17,8,Comm_F_5_1_2 -> Comm_B_1_3_2,signal_transit,13770.435,us
b,1.0,17,8,Comm_F_5_1_2 -> Comm_B_1_3_2,receiver_release,352.661,us
b,1.0,17,10,Comm_F_6_1_2 -> Comm_B_2_3_2,signal_dispatch,76.931,us
b,1.0,17,10,Comm_F_6_1_2 -> Comm_B_2_3_2,signal_transit,16025.325,us
b,1.0,17,10,Comm_F_6_1_2 -> Comm_B_2_3_2,receiver_release,502.03,us
b,1.0,17,12,Comm_F_7_1_2 -> Comm_B_3_3_2,signal_dispatch,74.803,us
b,1.0,17,12,Comm_F_7_1_2 -> Comm_B_3_3_2,signal_transit,36380.061,us
b,1.0,17,12,Comm_F_7_1_2 -> Comm_B_3_3_2,receiver_release,458.352,us
b,1.0,17,1,Comm_B_0_3_2 -> Comm_F_5_1_2,signal_dispatch,200.064,us
b,1.0,17,1,Comm_B_0_3_2 -> Comm_F_5_1_2,signal_transit,219.498,us
b,1.0,17,1,Comm_B_0_3_2 -> Comm_F_5_1_2,receiver_release,570.615,us
b,1.0,17,3,Comm_B_1_3_2 -> Comm_F_6_1_2,signal_dispatch,339.522,us
b,1.0,17,3,Comm_B_1_3_2 -> Comm_F_6_1_2,signal_transit,235.364,us
b,1.0,17,3,Comm_B_1_3_2 -> Comm_F_6_1_2,receiver_release,443.228,us
b,1.0,17,5,Comm_B_2_3_2 -> Comm_F_7_1_2,signal_dispatch,171.659,us
b,1.0,17,5,Comm_B_2_3_2 -> Comm_F_7_1_2,signal_transit,214.314,us
b,1.0,17,5,Comm_B_2_3_2 -> Comm_F_7_1_2,receiver_release,553.91,us
b,1.0,18,6,Comm_F_4_1_2 -> Comm_B_0_3_2,signal_dispatch,186.76,us
b,1.0,18,6,Comm_F_4_1_2 -> Comm_B_0_3_2,signal_transit,11511.501,us
b,1.0,18,6,Comm_F_4_1_2 -> Comm_B_0_3_2,receiver_release,386.147,us
b,1.0,18,8,Comm_F_5_1_2 -> Comm_B_1_3_2,signal_dispatch,391.878,us
b,1.0,18,8,Comm_F_5_1_2 -> Comm_B_1_3_2,signal_transit,20568.149,us
b,1.0,18,8,Comm_F_5_1_2 -> Comm_B_1_3_2,receiver_release,403.249,us
b,1.0,18,10,Comm_F_6_1_2 -> Comm_B_2_3_2,signal_dispatch,187.224,us
b,1.0,18,10,Comm_F_6_1_2 -> Comm_B_2_3_2,signal_transit,21514.824,us
b,1.0,18,10,Comm_F_6_1_2 -> Comm_B_2_3_2,receiver_release,564.748,us
b,1.0,18,12,Comm_F_7_1_2 -> Comm_B_3_3_2,signal_dispatch,74.743,us
b,1.0,18,12,Comm_F_7_1_2 -> Comm_B_3_3_2,signal_transit,34091.705,us
b,1.0,18,12,Comm_F_7_1_2 -> Comm_B_3_3_2,receiver_release,642.568,us
b,1.0,18,1,Comm_B_0_3_2 -> Comm_F_5_1_2,signal_dispatch,78.546,us
b,1.0,18,1,Comm_B_0_3_2 -> Comm_F_5_1_2,signal_transit,158.313,us
b,1.0,18,1,Comm_B_0_3_2 -> Comm_F_5_1_2,receiver_release,740.941,us
b,1.0,18,3,Comm_B_1_3_2 -> Comm_F_6_1_2,signal_dispatch,74.668,us
b,1.0,18,3,Comm_B_1_3_2 -> Comm_F_6_1_2,signal_transit,152.848,us
b,1.0,18,3,Comm_B_1_3_2 -> Comm_F_6_1_2,receiver_release,608.075,us
b,1.0,18,5,Comm_B_2_3_2 -> Comm_F_7_1_2,signal_dispatch,72.223,us
b,1.0,18,5,Comm_B_2_3_2 -> Comm_F_7_1_2,signal_transit,139.244,us
b,1.0,18,5,Comm_B_2_3_2 -> Comm_F_7_1_2,receiver_release,850.868,us
